id,player,goals,assists,blocks,catches,completions,throwaways,drops,callahans
0,A Olsen,0.714285714,0.142857143,0,3.142857143,2.285714286,0.285714286,0.071428571,0
1,A Taylor,0.357142857,1.357142857,0.142857143,19.07142857,23.78571429,0.857142857,0.357142857,0
2,Allan L,0.285714286,0.5,0.142857143,3.5,3.642857143,0.285714286,0,0
3,Batson,1.285714286,0,0.142857143,3.5,2,0.214285714,0,0
4,Big Mike,0.214285714,0,0.142857143,0.785714286,0.571428571,0,0.071428571,0
5,Birdsong,0.142857143,0,0.142857143,1.571428571,1.428571429,0,0,0
6,Burgess,0,0,0,0.571428571,0.428571429,0.071428571,0,0
7,Bush,1.785714286,0.928571429,0.785714286,10.35714286,8.071428571,0.714285714,0.142857143,0
8,C Olsen,1.285714286,2.142857143,0.642857143,22.28571429,21.07142857,1,0.214285714,0
9,Caldwell,0,0,0,0.714285714,0.714285714,0.142857143,0.071428571,0
10,Cary,0.642857143,0.142857143,0,3.428571429,2.642857143,0.071428571,0.071428571,0
11,Crowe,0,0,0,0.571428571,0.571428571,0,0,0
12,Cutts,0.214285714,0,0,0.5,0.285714286,0,0,0
13,Danny On,0.642857143,0.642857143,0.071428571,6.928571429,6.357142857,0.142857143,0,0
14,French,0.857142857,0.214285714,0.357142857,2.285714286,1.428571429,0.071428571,0.071428571,0
15,Gainer,0.571428571,0.785714286,0.071428571,7.071428571,7,0.642857143,0.071428571,0
16,Hunt,0.214285714,0.071428571,0.071428571,1.642857143,1.214285714,0.071428571,0.071428571,0
17,JP Burns,2.214285714,1.285714286,0.571428571,14.21428571,11.64285714,1,0.285714286,0
18,Jaime,0.214285714,0.214285714,0,2.5,2.357142857,0.071428571,0,0
19,Karl E,0.214285714,0,0.071428571,0.928571429,0.642857143,0.071428571,0,0
20,Kelvin,1.5,0.142857143,1.285714286,4.285714286,2.857142857,0,0.071428571,0
21,Knowles,0.285714286,0.785714286,0.214285714,6.428571429,8.357142857,0.142857143,0,0
22,Kyle S,0.214285714,1.714285714,0.428571429,16.78571429,21.85714286,0.785714286,0,0
23,Matt S,2.142857143,2.071428571,0.5,22.71428571,21.21428571,0.5,0.142857143,0
24,Micah Jo,0,0.071428571,0,1.285714286,1.857142857,0.214285714,0.142857143,0
25,Minch,0.785714286,0.785714286,0.357142857,7.571428571,8.928571429,0.428571429,0.071428571,0
26,Parker,1.142857143,2.928571429,0.785714286,17.14285714,15.5,2,0.142857143,0
27,Patrick,0,0.071428571,0,1.142857143,1.142857143,0.142857143,0,0
28,Perivier,0.357142857,0.857142857,0,10.71428571,12.28571429,0.571428571,0,0
29,Player,0.214285714,1.285714286,0.5,13.28571429,14.85714286,1.142857143,0,0
30,Rae,0.285714286,0.285714286,0,2.071428571,1.714285714,0.142857143,0,0
31,Rogers,0.571428571,0.285714286,0.285714286,2.071428571,1.571428571,0,0.071428571,0.071428571
32,Sperling,1.357142857,0.5,0.285714286,6.214285714,4.857142857,0,0.214285714,0
33,Sun,0.357142857,1.214285714,0.357142857,11.78571429,15.35714286,0.785714286,0.214285714,0
34,Thor,0.285714286,0.214285714,0.357142857,4.285714286,4.071428571,0.142857143,0.071428571,0
35,Trenton,0.142857143,0.428571429,0.642857143,6.071428571,5.785714286,0.357142857,0.357142857,0
36,Will L,0.928571429,0.357142857,0.214285714,3.357142857,2.214285714,0.142857143,0.071428571,0
37,Yusuf,0.071428571,0.071428571,0,0.857142857,0.785714286,0,0.071428571,0
38,A Davis,0.133333333,0.133333333,0,3.066666667,3.866666667,0.333333333,0.066666667,0
39,A Walch,1.866666667,0.533333333,0.466666667,9.8,8,0.4,0.133333333,0.066666667
40,ABrouwer,0,0,0,0.066666667,0.066666667,0,0,0
41,B Adams,0.4,0.2,0.533333333,3.6,3.733333333,0.466666667,0.133333333,0
42,B Gfroer,0,0,0.133333333,0.333333333,0.466666667,0,0,0
43,B Gramma,0,0,0,0,0,0,0,0
44,Bigley,0.2,0.2,0,3.133333333,3.4,0.466666667,0,0
45,C Brooks,0.2,0.133333333,0,1.4,1.533333333,0.266666667,0,0
46,C Cunnin,2.133333333,3.733333333,1.133333333,22.86666667,22,3,0.4,0
47,C Grimm,0,0.066666667,0,0.333333333,0.4,0,0,0
48,C Mika,0.066666667,0,0.133333333,0.266666667,0.266666667,0,0.066666667,0
49,C Vargas,0.066666667,0.533333333,0.133333333,4.333333333,5.8,0.733333333,0.2,0
50,D Richar,0.4,0.2,0.6,7.666666667,7.866666667,0.666666667,0,0.066666667
51,E Moore,0.8,0.533333333,0.533333333,4.333333333,3.133333333,0.533333333,0.133333333,0
52,EPollack,1.2,1.333333333,0.466666667,12.26666667,10.8,0.666666667,0.133333333,0.066666667
53,J Cecil,0.2,0.133333333,0.066666667,0.933333333,0.666666667,0.066666667,0.066666667,0
54,J Wolfe,1.4,0.8,0.6,5.2,3.533333333,0.266666667,0,0
55,J Zdrodo,0.933333333,0.6,0.666666667,4.666666667,3.533333333,0.666666667,0.133333333,0
56,JCecil,0.066666667,0,0.4,0.8,0.933333333,0,0.066666667,0
57,JHollera,0.066666667,0,0.133333333,0.333333333,0.266666667,0,0,0
58,JLoskorn,0.6,1.266666667,0.6,22.26666667,25.26666667,1.933333333,0.066666667,0
59,K Daftar,0.133333333,0,0.066666667,0.533333333,0.4,0,0,0
60,K Henke,2.933333333,1.733333333,0.4,13.46666667,9,1.733333333,0.4,0
61,K Thomas,0.4,0.333333333,0.066666667,4.8,4.2,0.266666667,0.066666667,0
62,Kamron D,0.133333333,0,0.066666667,0.466666667,0.333333333,0,0,0
63,Kevin Ha,0,0,0,0,0,0,0,0
64,M Biersc,0.466666667,0.8,0.133333333,3.666666667,3.066666667,0.4,0.133333333,0
65,M Cook,1.066666667,1.533333333,0.2,25.26666667,30.13333333,1.333333333,0.2,0
66,M Natenb,0.466666667,1.266666667,0.133333333,12.53333333,11.66666667,0.6,0.066666667,0
67,M Walter,0.666666667,0.133333333,0.8,3.8,3.2,0.066666667,0.2,0.066666667
68,MMatthis,1,0.2,0.266666667,4.333333333,3.2,0.466666667,0,0
69,MaBennet,0,0.666666667,0.133333333,4.666666667,5.066666667,0.866666667,0,0
70,MiBennet,0,0,0,0,0,0,0,0
71,Murphy,0,0,0.133333333,0.2,0.2,0.066666667,0.066666667,0
72,N Whale,0,0,0.133333333,0.6,0.733333333,0.066666667,0,0
73,Naji,0,0,0,0,0,0,0,0
74,Nash Moc,0.133333333,0,0,0.533333333,0.333333333,0,0,0
75,P Starke,0.2,1.133333333,0.066666667,10.06666667,10.2,0.533333333,0.066666667,0
76,R Lewis,0.333333333,0.8,0.066666667,8.4,9.066666667,1.133333333,0.133333333,0
77,R Orloff,2,0.666666667,0.133333333,13.2,13.8,0.466666667,0.133333333,0
78,RPurcell,0.333333333,1,0.133333333,11.06666667,14.73333333,1.133333333,0.066666667,0
79,Rogers,0,0,0.066666667,0.133333333,0.2,0,0,0
80,T Chiu,0,0,0,0,0,0,0,0
81,Unknown,0,0.133333333,0,0.133333333,0.133333333,0,0,0
82,VRenshaw,0.333333333,0.266666667,0.133333333,1.6,1.133333333,0.266666667,0.066666667,0
83,Bill,0.285714286,0.285714286,0.357142857,3.214285714,3.071428571,0.214285714,0,0
84,Bruno,0.071428571,0,0,0.142857143,0.071428571,0,0,0
85,CJ,0.285714286,0.214285714,0.214285714,2.071428571,1.571428571,0.357142857,0,0
86,Chowder,0.571428571,0.5,0.285714286,4.571428571,4.428571429,0.357142857,0,0
87,Danny,2.714285714,1.285714286,0.214285714,15.14285714,11.5,1.285714286,0.214285714,0
88,Dave,0.071428571,0.214285714,0.071428571,7,7.714285714,0.214285714,0.071428571,0
89,Drew,0.285714286,0.142857143,0.142857143,3.357142857,3,0.142857143,0,0
90,Goff,1.214285714,1.142857143,1.285714286,8.928571429,7.714285714,0.857142857,0.071428571,0
91,Grant,0.142857143,0.142857143,0.142857143,4.285714286,5.142857143,0.142857143,0.142857143,0
92,Jack,0.928571429,0.142857143,0.357142857,4.714285714,3.857142857,0.142857143,0.142857143,0
93,Jason,0.142857143,0.357142857,0.285714286,2.142857143,2.071428571,0,0.214285714,0
94,Jeff,0.142857143,0.142857143,0,3.785714286,4.428571429,0.214285714,0,0
95,Jeremy,0.357142857,0.142857143,0.214285714,4.5,3.928571429,0.714285714,0.071428571,0
96,Jimmy,0.214285714,0.428571429,0.357142857,3.071428571,3.071428571,0.357142857,0,0
97,Judah,0.142857143,0.142857143,0.214285714,7.214285714,7.857142857,0.642857143,0.142857143,0
98,Karl,0.285714286,0.214285714,0.642857143,1.5,1.214285714,0.071428571,0.142857143,0
99,Kurt,2.285714286,2.214285714,0.142857143,23.07142857,21.85714286,0.928571429,0.071428571,0
100,Mater,0.214285714,0.142857143,0.285714286,2.142857143,1.642857143,0.357142857,0.071428571,0
101,Max,0.714285714,1,0.428571429,17.35714286,21.71428571,0.785714286,0.214285714,0
102,Neal,0.071428571,0.285714286,0.142857143,3.714285714,4.214285714,0.214285714,0,0
103,Nick,0.142857143,0.071428571,0,2.142857143,2.785714286,0,0,0
104,Nicky,0.214285714,0,0.071428571,1.785714286,2.214285714,0,0.071428571,0
105,Pardo,2.714285714,1.571428571,1.357142857,18.57142857,15.14285714,1.285714286,0.785714286,0
106,Pawel,0.785714286,6.928571429,0.357142857,52.42857143,58.42857143,2,0.5,0
107,Roddy,0.071428571,0,0,0.142857143,0.071428571,0,0,0
108,Ross,3.214285714,2.5,0.571428571,25.57142857,21.42857143,2.071428571,0.571428571,0
109,Simon,0.642857143,1,0.071428571,8.5,8.571428571,1,0.214285714,0
110,Slymer,0.214285714,0.285714286,0.5,2.5,2.214285714,0.357142857,0,0
111,Tommy,0.714285714,0.357142857,0.285714286,15.07142857,20.85714286,0.285714286,0,0
112,Uber,0.642857143,0.142857143,0.214285714,4.714285714,4.714285714,0.142857143,0.357142857,0
113,Vock,0.071428571,0,0,0.142857143,0.071428571,0,0,0
114,Wets,1.5,0.571428571,0.785714286,12,9.785714286,0.928571429,0.285714286,0
115,Zeman,0.714285714,0.142857143,0.285714286,4.5,3.142857143,0.5,0.071428571,0
116,Ben R,0.588235294,0.058823529,0.588235294,2.647058824,2,0.058823529,0,0
117,Blake,0.058823529,0,0.058823529,0.058823529,0,0,0,0
118,Borik,0,0,0.176470588,2.058823529,2.117647059,0.176470588,0,0
119,C Olson,1,0.529411765,0.117647059,9.294117647,8.823529412,0.176470588,0.117647059,0
120,CLarberg,0.588235294,0.176470588,0.411764706,4.176470588,3.352941176,0.176470588,0.117647059,0
121,CUghetta,0.235294118,0.294117647,0.058823529,3.882352941,4,0.411764706,0,0
122,Carson,1.647058824,1.470588235,0.588235294,10.11764706,9,1.176470588,0.117647059,0
123,Carter,0.235294118,0.176470588,0.294117647,2.294117647,1.882352941,0.411764706,0.117647059,0
124,Casey,0.058823529,0,0.235294118,1.058823529,1.117647059,0.352941176,0,0
125,Chris P,0.117647059,0,0.058823529,0.352941176,0.235294118,0,0,0
126,Dalton,2.235294118,2.117647059,0.764705882,29.11764706,28.94117647,1.705882353,0.058823529,0
127,Danimal,0.235294118,0.294117647,0.764705882,2,1.705882353,0.058823529,0.117647059,0
128,Dillon,0.470588235,2.941176471,1.647058824,22.23529412,25.76470588,3.882352941,0.235294118,0
129,E-Bay,1.294117647,0.176470588,0.705882353,4.705882353,3.117647059,0.352941176,0.058823529,0
130,Griffin,0.294117647,0.352941176,0.470588235,2.176470588,1.823529412,0.058823529,0.058823529,0
131,Henry,0.352941176,0.235294118,0.117647059,7.705882353,7.941176471,0.176470588,0.058823529,0
132,Jack W,0,0,0.176470588,0.352941176,0.352941176,0.058823529,0,0
133,Jay,3.235294118,2.823529412,1.294117647,23.70588235,19.47058824,1.529411765,0.176470588,0.058823529
134,Joe C,0,0,0,0.058823529,0.176470588,0,0,0
135,Joe T,0,0.058823529,0,1.117647059,0.823529412,0.294117647,0,0
136,Joel,0.882352941,0.176470588,1.235294118,6.588235294,5.235294118,0.470588235,0.058823529,0
137,K Bow,0,0,0.117647059,0.058823529,0.058823529,0,0.117647059,0
138,K Rich,2.470588235,0.647058824,0.470588235,13.17647059,10.70588235,0.411764706,0.117647059,0.058823529
139,Kai,0.647058824,1.058823529,0.235294118,8.352941176,6.529411765,1,0.117647059,0
140,Kaplan,0.882352941,0.764705882,0.529411765,9.352941176,10.41176471,0.588235294,0.117647059,0
141,LaRocque,0.588235294,1.529411765,0.176470588,19,21.41176471,0.764705882,0.176470588,0
142,Matthew,0.235294118,0.117647059,0.176470588,2.294117647,1.941176471,0.176470588,0,0
143,Matty J,0.882352941,2.176470588,0.176470588,33.05882353,36.52941176,1.352941176,0.294117647,0
144,Muffin,0.352941176,3,0.235294118,28.58823529,39.35294118,3,0.117647059,0
145,Noah,0.352941176,0.117647059,0.588235294,2.941176471,2.470588235,0.058823529,0,0
146,Peter,0.058823529,0.058823529,0,0.352941176,0.117647059,0,0.058823529,0
147,Reese,0,0,0.058823529,0.352941176,0.470588235,0,0,0
148,Reid,0.117647059,0.117647059,0,0.647058824,0.411764706,0.176470588,0,0
149,Riggins,0.058823529,0.235294118,0.176470588,1.823529412,1.941176471,0.058823529,0.058823529,0
150,Ryan,0,0.058823529,0,0.176470588,0.176470588,0,0,0
151,Suds,0.941176471,0.294117647,0.294117647,5.294117647,4.235294118,0.823529412,0.117647059,0
152,Thomas,1.941176471,1.352941176,0.588235294,16.11764706,13.47058824,0.647058824,0.235294118,0
153,Wesley,0.117647059,0,0.058823529,0.882352941,0.647058824,0.058823529,0,0
154,Zach M,0.941176471,0.529411765,1.058823529,4.529411765,3.411764706,0.235294118,0.117647059,0
155,Aaron L,0.266666667,0.133333333,0.333333333,1.333333333,0.933333333,0.133333333,0.066666667,0
156,Alex F,0.266666667,0.066666667,0.533333333,1.266666667,1.133333333,0.133333333,0.066666667,0
157,Alex L,0,0.133333333,0.066666667,1.2,1.333333333,0.133333333,0,0
158,Austin B,0.066666667,0.666666667,0.133333333,10.2,11.86666667,1.6,0.066666667,0
159,Ben P,0,0.066666667,0.066666667,0.4,0.333333333,0.066666667,0,0
160,Brad S,0.533333333,0.6,0.666666667,6.533333333,5.933333333,0.4,0.2,0
161,Chris B,1.6,0.333333333,0.066666667,6.066666667,4.066666667,0.266666667,0.066666667,0
162,Chris Be,0,0,0,0,0,0,0,0
163,Cory B,0.333333333,0.4,0.4,6.933333333,10.46666667,0.533333333,0.066666667,0
164,David S,0.333333333,0.333333333,0.2,3.266666667,4,0.333333333,0,0
165,Eric M,1.266666667,0.333333333,0.133333333,7.2,5.733333333,0.533333333,0.066666667,0
166,Gabe W,0.2,0.4,0.2,2.266666667,1.933333333,0.133333333,0.133333333,0
167,Houst P,0.266666667,0.066666667,0.2,1.866666667,1.733333333,0.266666667,0.066666667,0
168,Jeff W,2.666666667,1.533333333,0.4,19.86666667,16.13333333,1.066666667,0.2,0
169,Joe R,0.933333333,0.333333333,1,2.866666667,1.933333333,0.2,0.066666667,0
170,John W,0.066666667,0.466666667,0,3.2,2.933333333,0.4,0.066666667,0
171,Jonny M,0.266666667,0.2,0,1.866666667,1.866666667,0.066666667,0,0
172,Kyle K,1,0.266666667,0.266666667,4.533333333,3.133333333,0.333333333,0.2,0
173,Leo P,0.333333333,0.066666667,0.333333333,1.733333333,1.2,0.333333333,0.066666667,0
174,Lloyd B,0.666666667,1.4,0.266666667,23.66666667,25.86666667,1.8,0.266666667,0
175,Marcus T,0.6,0.8,0.733333333,10.66666667,12.26666667,0.933333333,0.066666667,0
176,Matt K,1.4,1.866666667,0.466666667,16.06666667,14.8,0.266666667,0.2,0
177,Matt N,0.133333333,0.333333333,0.133333333,3.733333333,3.733333333,0.333333333,0.066666667,0
178,Max C,0.4,0.6,0.066666667,6.333333333,6.6,0.333333333,0.133333333,0
179,Nate C,0.333333333,0.2,0.066666667,3.466666667,3.8,0.333333333,0.133333333,0
180,Nate P,0.266666667,1.6,0.466666667,23.33333333,29.06666667,1.066666667,0.066666667,0
181,Peter M,0,0.133333333,0.066666667,1.4,1.466666667,0.066666667,0,0
182,Quinn B,0.8,0.2,0.533333333,3.733333333,2.333333333,0.6,0,0
183,Rhys B,0.6,0.8,0.8,5.4,4.466666667,0.533333333,0.066666667,0
184,Rico J,2.733333333,1.6,1.4,13.4,10.33333333,0.933333333,0.266666667,0
185,Rowen M,2.6,3.466666667,0.933333333,32.26666667,28.53333333,1.4,0.2,0.066666667
186,Ryan S,0.533333333,0.4,0.533333333,10.33333333,11.86666667,0.533333333,0.133333333,0
187,Troy H,0.666666667,0.4,1.066666667,11.73333333,11.06666667,0.266666667,0.133333333,0
188,Xavier M,0.4,2,0.266666667,17.93333333,20,2.466666667,0.2,0
189,Zach N,0.333333333,0.6,0.066666667,10.4,13.46666667,0.533333333,0.333333333,0
190,Andy,0.153846154,0.769230769,0.153846154,10.38461538,12.61538462,0.692307692,0.076923077,0
191,Basten,0.615384615,0.538461538,0.384615385,7.692307692,5.923076923,1.230769231,0.384615385,0
192,Besser,0.230769231,1.153846154,0.076923077,17.46153846,20.38461538,1.076923077,0.230769231,0
193,Billy,0.076923077,0.153846154,0.076923077,0.692307692,0.538461538,0.153846154,0.153846154,0
194,Brendan,0.692307692,0.846153846,0.615384615,10.92307692,10.76923077,1.153846154,0,0
195,Bubbles,0.307692308,0.307692308,0.538461538,2.230769231,1.692307692,0.307692308,0.076923077,0
196,Burke,1.384615385,0.846153846,0.538461538,5.384615385,3.384615385,0.923076923,0.153846154,0
197,Channing,1.307692308,0.384615385,0.307692308,19.69230769,18.38461538,0.615384615,0.230769231,0
198,Chris,0.230769231,0,0,1.692307692,1.769230769,0.230769231,0.076923077,0
199,Colucci,0.153846154,0,0.076923077,3.615384615,3.692307692,0.846153846,0.230769231,0
200,Compo,0,0.230769231,0.307692308,4.769230769,6.153846154,1.307692308,0.153846154,0
201,D Yu,0.230769231,0.230769231,0.076923077,4.692307692,5.153846154,0.615384615,0,0
202,Danny,0.076923077,0,0,1.692307692,1.615384615,0.076923077,0,0
203,David,0.153846154,0.153846154,0.076923077,2.153846154,1.615384615,0.461538462,0.076923077,0
204,Drew,0,0,0,2.538461538,2.538461538,0.538461538,0,0
205,Evan,0.230769231,0.461538462,0.307692308,5.153846154,5.615384615,1.538461538,0.153846154,0
206,Jay,0.461538462,1.615384615,0.230769231,17.46153846,19.69230769,2.230769231,0.076923077,0
207,Josh,0,0.846153846,0.076923077,14.46153846,18.38461538,1.769230769,0.153846154,0
208,Justin,1,0.461538462,0.923076923,4.692307692,3.307692308,0.692307692,0.153846154,0
209,Karl,0.230769231,0.846153846,0.461538462,17.53846154,19.38461538,1.846153846,0.384615385,0
210,Kevin,0.230769231,0,0.307692308,5.230769231,4.692307692,0.307692308,0.153846154,0
211,Leslie,0.076923077,0.230769231,0.230769231,2.153846154,2.538461538,0.384615385,0.076923077,0
212,Luis,0.461538462,0.153846154,0.384615385,3,2.846153846,0.153846154,0.307692308,0
213,Mark,0.923076923,0.461538462,0.461538462,4.615384615,3.384615385,0.461538462,0.153846154,0
214,Noah,0,0.615384615,0.615384615,14.38461538,17,1.384615385,0.076923077,0
215,Nolan,0.384615385,0.076923077,0.461538462,4.692307692,3.307692308,0.769230769,0.076923077,0
216,Parker,0.846153846,0.846153846,0.076923077,10.46153846,11.07692308,0.769230769,0.153846154,0
217,Pip,0.461538462,0.153846154,0.846153846,7.923076923,8.076923077,0.615384615,0.153846154,0
218,Rio,1.769230769,0.615384615,0.769230769,10.69230769,8.076923077,0.692307692,0.384615385,0
219,Ryan,0.153846154,0.384615385,0,1.692307692,3.153846154,0.076923077,0,0
220,Shrew,0.230769231,0.230769231,0.076923077,2.384615385,2.076923077,0.076923077,0.153846154,0
221,Tate,2.615384615,1.230769231,0.230769231,17.76923077,13.69230769,1.769230769,0.307692308,0
222,Tim,0.076923077,0.230769231,0.153846154,2.384615385,2.769230769,0.307692308,0,0
223,Tom,0,0,0.230769231,2.615384615,2.769230769,0.461538462,0,0
224,Trey,0.923076923,1.230769231,0.615384615,11.30769231,9.307692308,1.153846154,0.615384615,0
225,Troy,0.153846154,0.153846154,0.153846154,1.692307692,1.384615385,0.307692308,0,0
226,Wes,0,0,0,0,0,0,0,0
227,X,0.153846154,0.076923077,0.076923077,1.615384615,1.461538462,0.076923077,0,0
228,Yergin,0.153846154,0.384615385,0.384615385,7.384615385,6.692307692,0.923076923,0.384615385,0
229,Zach,0.076923077,0.307692308,0,2.307692308,2.307692308,0.384615385,0.153846154,0
230,Aaron S,1.0625,0.625,1,7.4375,6.5625,0.625,0.1875,0
231,Alex H,0.6875,0.4375,0.25,6.75,7.5,0.5,0.0625,0
232,Cam B,3.8125,2.125,0.5,21,15.75,1.625,0.125,0
233,Colin R,0.5625,0.3125,0.1875,5.3125,5.625,0.8125,0.1875,0
234,Colton S,0.3125,0.125,0.1875,1.6875,1.125,0.375,0.125,0
235,Conner H,0.8125,0.4375,0.3125,3.25,2.625,0.125,0.125,0
236,Connor L,0.0625,0.25,0.0625,0.6875,0.6875,0.0625,0.0625,0
237,Dan C,0,0.0625,0.1875,0.4375,0.375,0.125,0,0
238,Donova T,0.375,1.0625,0.75,7.0625,8.625,0.875,0,0
239,Heath K,0.1875,0.1875,0.375,1.75,1.4375,0.125,0.125,0
240,Jake F,0.0625,0.1875,0.25,1.125,0.9375,0.4375,0,0
241,Jesse J,0.25,0.0625,0.375,1,0.75,0.0625,0,0
242,Joey C,0.0625,0,0.125,0.6875,0.75,0.4375,0.0625,0
243,John J,0.75,0.1875,1,2.8125,1.8125,0.3125,0.0625,0
244,Jon W,0.4375,0.6875,0.3125,3.75,2.625,0.6875,0.125,0
245,Josh D,0.125,0.0625,0.1875,0.3125,0.25,0,0,0
246,Keegan N,1.625,2.4375,0.5,19,16.3125,1.5625,0.3125,0
247,Keenan P,0.9375,2.9375,0.375,37.25,46.9375,1.375,0,0.0625
248,Kip C,1,0.6875,0.75,4.75,3.8125,0.25,0.125,0
249,Kyle C,0.25,0.875,0.4375,13.8125,19.4375,0.8125,0.0625,0
250,Levi J,2,2.8125,0.4375,15.9375,12.1875,1.875,0.25,0
251,Michae A,0,0.1875,0.1875,2.875,4.9375,0.4375,0.1875,0
252,Nathan B,0.125,0.0625,0.0625,0.625,0.5625,0,0,0
253,Nick H,0.3125,1,1.5625,4.8125,5.0625,0.4375,0.25,0
254,Peter C,0.5,1,0.4375,4.8125,4.25,0.625,0.0625,0
255,Rick G,3.875,1.8125,1.75,20.1875,15.8125,1.125,0.5,0
256,Robbie C,0.1875,0.1875,0.125,1.5625,1.25,0.125,0.0625,0
257,Sam S,1.3125,0.75,0.3125,20.5625,22.5,1.25,0.4375,0
258,Spence L,0.4375,0.3125,0.375,5.0625,4.375,0.3125,0.1875,0
259,Stephen,0,0.125,0,0.6875,0.6875,0,0,0
260,Terry G,0.0625,0,0,0.4375,0.375,0,0,0
261,Travis C,1.6875,1.9375,0.75,34.9375,35.4375,2.1875,0.0625,0
262,Zach Z,0.125,0.0625,0.25,1.4375,1.6875,0.125,0,0
263,Bacon,1,2.1875,1,14.1875,15.9375,1.875,0.1875,0
264,Barnett,0.0625,0.1875,0.125,1.375,2,0.3125,0.125,0
265,Bartholo,0.0625,0,0,0.375,0.3125,0,0,0
266,Beatty,0.9375,2.6875,0.1875,29.375,32.25,1.625,0.125,0
267,Brooks,0.375,0.8125,0,5.6875,7.8125,0.0625,0.125,0
268,Cohen,1.875,2.0625,0.3125,15.9375,12.9375,1.1875,0.3125,0
269,Doi,0.375,0.875,0.625,6.4375,5.3125,0.9375,0.1875,0
270,Drum,0.4375,0.3125,0.25,3,2.4375,0.0625,0.0625,0
271,Eder,0.125,0,0,0.5625,0.4375,0,0,0
272,Elbogen,1.1875,1,0.0625,10.75,9.8125,0.625,0.3125,0
273,Ferguson,0.125,0.0625,0,0.9375,0.6875,0.125,0.0625,0
274,Friedman,1.1875,1.0625,0.25,9.875,9.875,1.0625,0,0
275,George,2.4375,0.4375,0.375,15.4375,12.4375,0.625,0.1875,0
276,Kiyoi,0.8125,1.0625,0.5625,8.5625,8.75,0.375,0.0625,0
277,Lai,0.1875,0.375,0.1875,12.75,20.125,0.5,0,0
278,Lepore,0.4375,0.1875,0.25,2.0625,1.4375,0.1875,0.125,0
279,Lissner,1.5,2.1875,0.9375,16.8125,14,1.625,0.25,0
280,Mazur,1.4375,3.3125,0.3125,17,17.9375,1.875,0.1875,0
281,Mcdougal,3.8125,1.8125,1.5,16.1875,12.125,0.75,0.5625,0
282,Mcrae,0,0,0,0,0,0,0,0
283,Padula,0.625,0.125,0.3125,3.625,3,0.0625,0.25,0
284,Plasman,0.6875,0.125,0.375,2.0625,1.25,0.1875,0,0
285,Pritchar,0.1875,0,0,1.25,0.875,0.125,0,0
286,Ransom,0.6875,0.6875,0.5,7.5,9.9375,0.8125,0.0625,0
287,Schakner,0.4375,0.25,0.75,6.0625,6.4375,0.625,0.0625,0
288,Severson,0.5,0.4375,0.8125,5.4375,4.875,0.25,0,0
289,Silverma,0.6875,0.5625,1.5,4.625,3.9375,0.4375,0.0625,0
290,Theodore,1.875,0.9375,1.5,6.875,4.8125,0.3125,0.4375,0
291,Theologi,0.1875,0.75,0.5,6.8125,9.6875,0.5625,0.125,0
292,Weaver,0.6875,0.4375,0.5625,6.5,5.875,0.1875,0.1875,0
293,A Brown,0.352941176,0.235294118,0,13.23529412,16.17647059,0.352941176,0.058823529,0
294,Akyuz,1.294117647,0.352941176,0.294117647,7.294117647,5.764705882,0.176470588,0.058823529,0
295,Animal,0.764705882,0.588235294,0.058823529,10.41176471,11.52941176,0.529411765,0.058823529,0
296,Bosscher,0.235294118,1.411764706,0.529411765,5.705882353,6.764705882,0.352941176,0.058823529,0
297,Buddy,0.411764706,0.294117647,0.294117647,1.823529412,1.529411765,0.294117647,0,0
298,Camp,2.294117647,1.941176471,0.294117647,18.94117647,15.64705882,0.823529412,0.470588235,0
299,Coolidge,0.411764706,0.705882353,0.529411765,9.058823529,8.411764706,0.294117647,0.352941176,0
300,DWiseman,1.294117647,1.470588235,0.411764706,10.58823529,9.176470588,0.764705882,0.294117647,0
301,Drews,0.294117647,0.411764706,0.235294118,8.529411765,9.823529412,0.411764706,0,0
302,Graffy,2.588235294,2.529411765,0.764705882,19.82352941,18.35294118,1.058823529,0.058823529,0
303,Grandon,0.235294118,0.058823529,0.176470588,1.588235294,1.235294118,0.176470588,0.117647059,0
304,Jdub,0.352941176,0.882352941,0.411764706,4.294117647,5,0.352941176,0,0
305,Johnson,1.117647059,0.705882353,0,6.294117647,4.764705882,0.294117647,0.235294118,0
306,K Brown,1.058823529,1.352941176,0.058823529,14.17647059,13.76470588,1.176470588,0.058823529,0
307,KPS,1.235294118,1.411764706,1.470588235,10.41176471,8.882352941,0.705882353,0.176470588,0
308,Kan,0,0.058823529,0,0.352941176,0.352941176,0,0,0
309,Kelly,0.411764706,0.117647059,0.176470588,2.058823529,1.705882353,0.058823529,0.117647059,0
310,Keren,0,0.235294118,0,2.117647059,2.764705882,0.058823529,0.058823529,0
311,Knoche,1.588235294,0.470588235,1.647058824,4.705882353,3.176470588,0.235294118,0.176470588,0
312,Luo,0.470588235,1.117647059,0.411764706,11.05882353,13.35294118,0.705882353,0.058823529,0
313,Marty,0.882352941,0.294117647,0.764705882,3.058823529,2.235294118,0.058823529,0.117647059,0
314,Mason,0.352941176,0.058823529,0,0.529411765,0.235294118,0,0.058823529,0
315,Mawby,0.058823529,0.058823529,0.235294118,0.176470588,0.176470588,0,0,0
316,Meshnick,0.882352941,0.647058824,1.352941176,8.470588235,7.352941176,0.941176471,0.058823529,0
317,Meyer,0.588235294,0.058823529,0.588235294,2.588235294,2,0,0,0
318,Nelson,1,1.176470588,0,21.47058824,25.76470588,0.705882353,0.058823529,0
319,Poole,0,0.176470588,0.117647059,0.705882353,0.941176471,0.117647059,0,0
320,Pruess,0.352941176,1.176470588,0.764705882,11.23529412,14.64705882,1,0.117647059,0
321,RWiseman,0.058823529,0.176470588,0,2,3.176470588,0.058823529,0,0
322,Repper,0.352941176,0.176470588,0.352941176,1.941176471,1.588235294,0.058823529,0.058823529,0
323,Richgels,0.705882353,0.705882353,0.352941176,7.294117647,6.470588235,0.176470588,0.117647059,0
324,Shriwise,1.058823529,2.588235294,0.294117647,23.35294118,24.82352941,0.941176471,0.117647059,0
325,Spyro,0,0,0.058823529,0.117647059,0.117647059,0,0,0
326,Tucker,0.352941176,0.352941176,0.294117647,2.352941176,1.882352941,0.117647059,0.117647059,0
327,Weber,0.352941176,0.176470588,0.235294118,1.588235294,1.294117647,0,0.058823529,0
328,Weigand,0.647058824,0.235294118,0.294117647,4.117647059,3.058823529,0.411764706,0.117647059,0
329,Wilen,0.588235294,0.235294118,0.470588235,3.823529412,3.294117647,0.176470588,0.176470588,0
330,Anders C,0.4,0.133333333,0.2,2.133333333,1.733333333,0.333333333,0,0
331,Berry C,1.266666667,1.133333333,1.2,8.333333333,6.733333333,0.866666667,0.133333333,0
332,Bumste S,1.266666667,1.133333333,0.266666667,16.33333333,16.53333333,0.933333333,0.066666667,0
333,Burkha M,0,0.2,0,1.866666667,2.4,0.333333333,0,0
334,Cousin G,0.866666667,1.333333333,1.066666667,9.6,10.66666667,1.266666667,0.133333333,0
335,DeCler D,1,0.4,0.8,4.466666667,3.2,0.2,0.133333333,0
336,Duhn,0,0.066666667,0,0.466666667,0.933333333,0,0,0
337,Echols T,0.533333333,0.466666667,0.133333333,4.733333333,4.666666667,0.533333333,0,0
338,Feldma B,0,1.266666667,0.133333333,6.4,6.866666667,0.666666667,0.066666667,0
339,Groven T,0.066666667,0.266666667,0.266666667,4.666666667,5.266666667,0.4,0.2,0
340,Hawkin B,0.133333333,0,0.066666667,0.333333333,0.2,0,0,0
341,Johnso E,0.266666667,0.4,0.133333333,5.6,5.533333333,0.466666667,0.066666667,0
342,Johnso K,0.2,0.666666667,0,8.866666667,10.73333333,1,0,0
343,Jordan M,2.466666667,0.8,0.133333333,11.53333333,8.733333333,0.466666667,0.4,0
344,Jurek C,0.333333333,0.2,0.266666667,2.866666667,2.6,0.066666667,0.2,0
345,Kautz J,0.666666667,0,0.2,3.466666667,2.733333333,0,0,0
346,Kittle J,0.933333333,0.2,1.133333333,3.6,2.6,0.4,0.066666667,0
347,Klane J,1.533333333,3.8,0.4,38.8,47.2,2.2,0.066666667,0
348,Ladas N,0.466666667,0.466666667,0.333333333,2.8,2.333333333,0.2,0.133333333,0
349,Leonar I,0.933333333,0.133333333,0.866666667,2.4,1.533333333,0.133333333,0,0.066666667
350,Matis B,0.733333333,0.8,0.666666667,4.333333333,3.2,0.466666667,0.133333333,0
351,McCart M,0.133333333,0,0.066666667,0.533333333,0.266666667,0.133333333,0,0
352,McCutc C,0.733333333,0.2,1.133333333,4.133333333,3.4,0.066666667,0.2,0
353,Mekler W,0.666666667,0.6,0.066666667,10.26666667,10.93333333,0.533333333,0.133333333,0
354,Osgar R,1.266666667,2.933333333,0.266666667,22.73333333,20.8,1,0.2,0
355,Pangbu G,0.4,0.466666667,0.533333333,4.533333333,4.133333333,0.066666667,0.066666667,0
356,Polett T,0.733333333,1.6,0.333333333,39.33333333,46.6,1.666666667,0.133333333,0
357,Simone J,0,0.066666667,0.2,0.8,1.133333333,0.4,0.066666667,0
358,Taylor J,0.933333333,0.466666667,0.6,5.8,5.2,0.333333333,0.2,0
359,Taylor T,0,0,0,0.466666667,0.333333333,0.2,0,0
360,Trotte E,0.2,0.066666667,0.066666667,2.266666667,2.533333333,0.066666667,0.066666667,0
361,Tschid J,0.933333333,0.8,0.066666667,22.53333333,22.46666667,0.4,0.066666667,0
362,Vogt,0.133333333,0.066666667,0,0.8,0.6,0.066666667,0,0
363,Vohnou B,2.533333333,2.266666667,0.6,18.26666667,14.4,1.4,0.266666667,0
364,Wallin C,0.2,0.266666667,0.066666667,5.666666667,4.866666667,0.533333333,0.133333333,0
365,Weinbe C,2.533333333,1.6,0.333333333,19.8,16.06666667,0.866666667,0.066666667,0
366,Wood C,0.066666667,0.2,0.066666667,4,4.8,0.466666667,0.066666667,0
367,Andre,1,0.571428571,1.142857143,5.071428571,4.142857143,0.5,0.142857143,0
368,Big Mike,1.5,0,0.571428571,5.714285714,3.928571429,0.285714286,0.214285714,0
369,Bisson,0.571428571,0.142857143,0.285714286,2.928571429,2.142857143,0,0,0
370,Breton,0,0.142857143,0,0.928571429,1.071428571,0,0.214285714,0
371,Burden,1.714285714,1.571428571,0.642857143,15.92857143,14.42857143,1.571428571,0,0
372,Cabot,1.071428571,1.642857143,0.285714286,13.14285714,13.64285714,1.357142857,0.5,0
373,Ceballos,0.428571429,0.5,0.5,4.714285714,4.285714286,0.571428571,0.428571429,0
374,Chaouch,0.142857143,0.142857143,0.071428571,0.928571429,0.714285714,0.071428571,0.071428571,0
375,Charette,0.642857143,0.142857143,0.857142857,2.142857143,1.642857143,0.071428571,0,0
376,Faber,0.071428571,0,0,0.357142857,0.285714286,0,0,0
377,Gamache,0.214285714,0.357142857,0.214285714,6.428571429,8.5,0.5,0.285714286,0
378,Genest,0.642857143,2.071428571,0.5,10.07142857,13.07142857,2.214285714,0.142857143,0
379,Goderre,1.071428571,2,0.714285714,24.5,36.21428571,2,0.285714286,0
380,Groulx,0.5,0.857142857,0.428571429,4.928571429,3.928571429,0.785714286,0.071428571,0
381,Hibbert,0.928571429,0.714285714,0.642857143,6.214285714,4.5,0.785714286,0.142857143,0
382,Jean G,0.428571429,0.142857143,0.285714286,3.142857143,2.642857143,0.142857143,0,0
383,Joncas,0.928571429,0.428571429,1,4.357142857,3.428571429,0.285714286,0.071428571,0
384,Krump,0,0,0,0.142857143,0.214285714,0,0,0
385,Lemieux,0.5,0.5,0.571428571,4.357142857,4.428571429,0.071428571,0.214285714,0
386,Malik,1.142857143,1.428571429,0.428571429,9.285714286,7.357142857,1.357142857,0.142857143,0
387,Massi,0.071428571,0.142857143,0.071428571,0.214285714,0.142857143,0,0.071428571,0
388,Monfette,0.357142857,0.5,0.714285714,9.5,10.92857143,1.357142857,0,0
389,Nas,1.428571429,0.857142857,0.357142857,14.71428571,13.42857143,1,0.142857143,0
390,Quentin,2.285714286,1.142857143,0.357142857,12.14285714,9.142857143,0.785714286,0.357142857,0
391,Quinlan,1.285714286,2.785714286,0.571428571,16,13.14285714,2.071428571,0.214285714,0
392,Saunders,0,0.214285714,0.142857143,15.71428571,18,0.357142857,0.071428571,0
393,Steve,0.857142857,2.142857143,0.428571429,27.71428571,27.71428571,3,0,0
394,Vallee,2.642857143,1.357142857,0.642857143,13.42857143,10.21428571,0.857142857,0.357142857,0
395,Alongi,0.25,0.5,0.583333333,3.333333333,3.083333333,0.333333333,0.166666667,0
396,Avello,1.25,1,0.166666667,7.333333333,5.5,0.5,0.25,0.083333333
397,Badgett,0.75,0.333333333,0.666666667,3.25,2.666666667,0,0.25,0
398,Barry,1.083333333,0.5,0.583333333,10.41666667,9.083333333,0.75,0.166666667,0
399,Bradham,0.333333333,0.583333333,0.416666667,4.25,3.916666667,0.75,0,0
400,Caldwell,0.083333333,0,0.083333333,0.583333333,0.416666667,0.166666667,0,0
401,Calhoun,3.166666667,0.916666667,0.25,17,13.25,0.666666667,0.25,0
402,Cam S.,0,0,0,0.25,0.166666667,0.083333333,0,0
403,Carden,0.583333333,0.25,0.583333333,4.083333333,3.5,0.083333333,0.083333333,0
404,Conger,0,0.666666667,0.083333333,15,18.58333333,0.583333333,0.25,0
405,Cox,0.083333333,0,0.333333333,0.75,0.583333333,0,0,0
406,Dahms,0,0,0.083333333,0.083333333,0,0,0,0
407,Dan C,0.083333333,0,0,0.666666667,0.583333333,0,0,0
408,Dayton,0,0.083333333,0,0.833333333,1.333333333,0,0,0
409,Flowers,0.333333333,0.25,0.916666667,10.25,12.41666667,1,0.083333333,0
410,Hammond,0.083333333,0,0,0.666666667,0.583333333,0,0,0
411,Hardesty,1.083333333,0.5,0.666666667,4.583333333,3.583333333,0.166666667,0.083333333,0
412,Heacock,0.416666667,0.083333333,0,1.416666667,1.416666667,0,0,0
413,Jaime,1.916666667,0.583333333,0.666666667,11.16666667,9.333333333,0.5,0.166666667,0
414,Lally,1.833333333,3,0.5,28.33333333,26.08333333,2.333333333,0,0
415,Mac,2.25,1.916666667,0.666666667,26.25,29.16666667,1.166666667,0.166666667,0
416,Matt R.,0.083333333,0,0,0.5,0.333333333,0.083333333,0.166666667,0
417,Moore,0,0.166666667,0.083333333,1.083333333,0.833333333,0.25,0,0
418,Ortiz,0.5,0.333333333,0.25,4.583333333,3.916666667,0.416666667,0.25,0
419,Parris,2.333333333,0.833333333,0.25,9.333333333,6.5,0.5,0.25,0
420,Payne,0.166666667,1.25,0.416666667,13.16666667,17.33333333,2.833333333,0.083333333,0
421,Petty,0.166666667,0,0,1.083333333,1.083333333,0.166666667,0,0
422,Phil D.,0.583333333,1.083333333,1.25,7.583333333,9.25,0.75,0.083333333,0
423,Poulos,0.333333333,4.666666667,0.25,26.83333333,32.08333333,3.833333333,0.083333333,0
424,Russnog,0.166666667,0,0,1.083333333,0.666666667,0.166666667,0,0
425,Schroder,1.083333333,1.416666667,0.5,12.41666667,10.5,1.083333333,0.583333333,0
426,Seay,0.083333333,0,0.25,0.416666667,0.333333333,0,0.083333333,0
427,Snook,0.083333333,0,0.083333333,1,0.833333333,0,0.083333333,0
428,Stroble,0.25,0.333333333,0.166666667,13.41666667,14.33333333,0.833333333,0.166666667,0
429,Wilkes,0.166666667,0.333333333,0.416666667,2.416666667,1.916666667,0.333333333,0.166666667,0
430,Wilson,0.083333333,0.083333333,0.083333333,2.083333333,2.416666667,0.166666667,0.083333333,0
431,Wright,0.416666667,0.333333333,0.083333333,4.083333333,3.916666667,0.333333333,0.083333333,0
432,Alladi S,0,0.235294118,0.117647059,1.176470588,2.058823529,0.294117647,0,0
433,Alorro J,1.235294118,2.470588235,0.705882353,28.05882353,33.70588235,2.176470588,0.235294118,0
434,Aulett M,0.647058824,0.941176471,0.176470588,8.352941176,11.11764706,0.588235294,0.058823529,0
435,Babbit J,1.588235294,0.529411765,1.352941176,10,8.176470588,0.647058824,0.235294118,0
436,Brownl M,1.529411765,0.941176471,0.705882353,8.647058824,6.294117647,0.941176471,0.117647059,0
437,Doyle L,0.058823529,0,0,0.294117647,0.705882353,0,0,0
438,Drost M,1.117647059,0.647058824,1.470588235,10.23529412,8.705882353,0.470588235,0.058823529,0.058823529
439,Drost R,1,0.352941176,1,5.941176471,5.058823529,0.235294118,0,0
440,Garvey H,0.294117647,3.176470588,0.176470588,38,40.29411765,2.882352941,0.176470588,0
441,Holmes R,0.058823529,0.411764706,0.470588235,1.705882353,1.235294118,0.470588235,0.058823529,0
442,Isik A,0.117647059,0.117647059,0.058823529,2.117647059,2.941176471,0.352941176,0,0
443,Jagt B,3.235294118,3.882352941,0.823529412,24.52941176,19.23529412,2.176470588,0.411764706,0
444,Kalmak P,0,0.235294118,0.117647059,1.352941176,2.294117647,0.235294118,0.058823529,0
445,Katz B,2.294117647,2.294117647,1,22.29411765,24.41176471,1.411764706,0.058823529,0
446,Kittre B,1.294117647,1.058823529,0.705882353,19.82352941,18.29411765,0.764705882,0.117647059,0
447,Kline C,1.235294118,0.823529412,0.058823529,6.705882353,4.764705882,0.588235294,0.176470588,0
448,Komino T,0,0,0,0.176470588,0.117647059,0.058823529,0.117647059,0
449,LeMar M,0.647058824,1.058823529,0.470588235,9.117647059,10.23529412,0.882352941,0.117647059,0
450,Lee E,0,0.058823529,0.058823529,5.588235294,8.470588235,0.117647059,0.058823529,0
451,Mieser J,2.235294118,1.058823529,0.764705882,19.47058824,15.76470588,1.294117647,0.294117647,0
452,Ouelle J,0.235294118,0.117647059,0.176470588,0.941176471,0.647058824,0.058823529,0,0
453,Price J,0.058823529,0.235294118,0.176470588,2.647058824,2.647058824,0.117647059,0,0
454,Saffa R,0,0,0.176470588,0.176470588,0.176470588,0,0.058823529,0
455,Spielm B,0.294117647,0.176470588,0.529411765,3.176470588,3.117647059,0,0.058823529,0
456,Stanto T,0.352941176,0.117647059,0.352941176,1.411764706,0.941176471,0.058823529,0,0
457,Steven M,2.352941176,0.470588235,0.117647059,9.058823529,6.588235294,0.058823529,0.058823529,0
458,To Nori,0.058823529,0.058823529,0,0.470588235,0.294117647,0.058823529,0,0
459,Ward R,0.529411765,0.235294118,0.294117647,2.235294118,1.647058824,0.117647059,0.117647059,0
460,Weintr M,0.176470588,0.941176471,0.117647059,7.823529412,10.52941176,0.294117647,0,0
461,Weng F,0.117647059,0.058823529,0.176470588,1.588235294,1.470588235,0.117647059,0,0
462,Ye R,0.058823529,0,0,0.235294118,0.235294118,0.058823529,0.058823529,0
463,Zalk A,0.058823529,0.117647059,0.058823529,0.588235294,0.529411765,0,0,0
464,Adam O'D,0.642857143,0.714285714,0.214285714,8.642857143,7.428571429,0.285714286,0.214285714,0
465,Aidan H,0.142857143,0.142857143,0.357142857,1.5,1.285714286,0,0.071428571,0
466,Alec A,3.642857143,1.5,0.928571429,16.57142857,11.85714286,1.071428571,0.285714286,0
467,Andy O,0.571428571,0.571428571,0.5,8.428571429,7.142857143,0.642857143,0,0
468,Ben,0.071428571,0.142857143,0.071428571,0.357142857,0.285714286,0.071428571,0.071428571,0
469,Bryce R,0.642857143,1.214285714,0.357142857,13.14285714,21.5,1.071428571,0.142857143,0
470,Carson T,0.285714286,0.285714286,0.357142857,3.642857143,4.357142857,0.714285714,0.071428571,0
471,Colin F,0,0,0,1.071428571,1.214285714,0.071428571,0.071428571,0
472,David C,0.142857143,0.071428571,0,0.571428571,0.428571429,0,0.071428571,0
473,Derek A,0.642857143,4.714285714,0.357142857,39.14285714,43.07142857,2.785714286,0.428571429,0
474,Erik H,0.642857143,0.428571429,0.071428571,4.142857143,4.214285714,0.571428571,0.142857143,0
475,EtienneB,0,0,0.071428571,0.285714286,0.214285714,0,0,0
476,Geoff B,0.357142857,1.214285714,0.357142857,5.571428571,6.142857143,1.214285714,0,0
477,Greg E,2.285714286,1.642857143,0.5,18.5,18.71428571,2.071428571,0.428571429,0
478,JeremyH,0.857142857,0.571428571,0.357142857,5.5,4.214285714,0.5,0,0
479,Karl L,2.857142857,3,0.428571429,19.85714286,15.42857143,1.642857143,0.357142857,0
480,Ken A,1,0.928571429,0.142857143,8.857142857,11.5,0.928571429,0.428571429,0
481,Khalid A,0.714285714,0.214285714,0.714285714,4.285714286,3.642857143,0.285714286,0.142857143,0
482,Kinley G,0.142857143,0.142857143,0,1.714285714,2.5,0.357142857,0,0
483,Kyle C,0.357142857,0.142857143,0.428571429,3,3,0.285714286,0.071428571,0
484,Lance B,0,0,0,0.642857143,0.5,0.071428571,0.071428571,0
485,LaurentA,0.428571429,0.142857143,0,2.571428571,1.857142857,0.357142857,0.142857143,0
486,LaurentL,1.285714286,0.785714286,0.285714286,6.857142857,4.571428571,0.714285714,0.357142857,0
487,M Lee,0.571428571,0.285714286,0,3.071428571,2.357142857,0.142857143,0.071428571,0
488,Matt O'B,1.071428571,0.357142857,0.714285714,5.642857143,4.714285714,0.642857143,0.428571429,0
489,Nick B,1,1.928571429,1.071428571,12.64285714,15.92857143,1.857142857,0.285714286,0
490,PatrickK,0.071428571,0.214285714,0.285714286,1.5,1.285714286,0.142857143,0.071428571,0
491,PatrickM,0,0,0,0,0,0,0,0
492,Paul M,1.142857143,0.142857143,1.357142857,3.357142857,1.857142857,0.357142857,0.214285714,0
493,Paul R,0.928571429,0.571428571,1.214285714,9.214285714,8.357142857,0.571428571,0.5,0
494,Ryan W,0,0,0,0.214285714,0.214285714,0,0,0
495,Scott G,0.142857143,0,0.071428571,0.571428571,0.214285714,0.142857143,0,0
496,Tait B,0.071428571,0,0,0.071428571,0,0,0,0
497,Tyler S,0.214285714,0.785714286,0.357142857,7.428571429,8.071428571,1.357142857,0.071428571,0
498,A. Miche,0.142857143,0.071428571,0.142857143,1.285714286,0.928571429,0.214285714,0.142857143,0
499,Arcata,2.285714286,2.642857143,0.857142857,25.28571429,21.28571429,2.214285714,0.428571429,0
500,B. Dunn,0.142857143,0,0.285714286,0.857142857,0.5,0.214285714,0.071428571,0
501,Baer,0,0.142857143,0.142857143,2.857142857,3.5,0.5,0,0
502,Becker,0,0,0,0.071428571,0,0,0,0
503,Campy,0.142857143,0.142857143,0.142857143,1.928571429,1.5,0.5,0.142857143,0
504,Ciccoron,0.142857143,0.071428571,0.214285714,1,1.214285714,0.071428571,0.071428571,0
505,Damiano,1.285714286,0.928571429,0.214285714,18,21.07142857,1.642857143,0.214285714,0
506,Davies,0.357142857,0.5,0.071428571,9.428571429,11.35714286,0.642857143,0.071428571,0
507,Digorgio,0.357142857,0.5,0.142857143,3.214285714,2.5,0.214285714,0,0
508,Dmitry S,0,0,0.142857143,1.214285714,1.571428571,0.071428571,0,0
509,Dylan S,0.071428571,0,0,1.285714286,1.5,0.142857143,0,0
510,E. Nard,0.857142857,0.714285714,1.285714286,6.071428571,4.928571429,0.571428571,0.142857143,0
511,E. Peck,1.357142857,2.571428571,0.5,22.64285714,22.57142857,2.571428571,0.428571429,0
512,Eckardt,0,0,0,0,0,0,0,0
513,Fortin,0.214285714,0.785714286,0.214285714,16.78571429,19.42857143,1.071428571,0.071428571,0
514,Igor,0.357142857,0.142857143,0.357142857,1.642857143,1.5,0.285714286,0,0
515,Katzenba,0.571428571,0.5,0.214285714,28.64285714,34.57142857,0.642857143,0.214285714,0
516,Lamberty,0.142857143,0.357142857,0,4.428571429,6.142857143,0.857142857,0.071428571,0
517,M. Esser,0.642857143,0.857142857,1.357142857,8.785714286,9.214285714,1.071428571,0.285714286,0
518,Martin,0.714285714,0.428571429,0.5,4.642857143,3.857142857,0.285714286,0,0
519,Masino,0.214285714,0.071428571,0.642857143,2.785714286,2.642857143,0.071428571,0.142857143,0
520,Mehta,2.785714286,1.142857143,0.5,19.5,15.71428571,0.857142857,0.5,0
521,N. Patel,0.357142857,0.857142857,0.357142857,10.07142857,10.57142857,1.142857143,0.357142857,0
522,Nugent,0,0,0.071428571,0,0,0,0,0
523,Pastor,0.5,0.214285714,0.214285714,3.428571429,2.642857143,0.142857143,0.071428571,0
524,Pollard,0.5,0.142857143,0.714285714,3.428571429,2.857142857,0.571428571,0.071428571,0
525,R. Brown,0.5,0.357142857,0.357142857,4.571428571,3.785714286,0.428571429,0.428571429,0
526,Reydams,0.428571429,0.071428571,0.642857143,2.571428571,1.928571429,0.285714286,0.285714286,0
527,S. Mott,3,3.928571429,0.714285714,29.57142857,26.14285714,2,0.571428571,0
528,S. Xu,0.357142857,1.5,0.285714286,16.42857143,18.21428571,1.428571429,0.071428571,0
529,Strouse,1.357142857,0.357142857,0.571428571,8.428571429,6.928571429,0.142857143,0.071428571,0
530,Vaughn,0.571428571,0.285714286,0.142857143,2.5,1.928571429,0.214285714,0.142857143,0
531,Weaver,0.142857143,0.214285714,0.142857143,2.785714286,3.571428571,0.357142857,0,0
532,Wenzel,0.142857143,0.142857143,0,2.071428571,1.857142857,0.214285714,0.142857143,0
533,Angele D,0.571428571,0.071428571,0.142857143,1.714285714,1,0.071428571,0.214285714,0
534,Beards E,1.642857143,0.285714286,0.571428571,7.285714286,5.571428571,0.285714286,0.357142857,0
535,Buss J,0,0.428571429,0.214285714,6.5,9.214285714,0.714285714,0.071428571,0
536,Cicion R,0.142857143,0,0.285714286,1.928571429,1.571428571,0.214285714,0.142857143,0
537,Cooper M,0.142857143,0,0.071428571,0.357142857,0.214285714,0,0,0
538,DeAmic J,0.214285714,0.071428571,1,2.357142857,1.857142857,0.357142857,0.214285714,0
539,Delgad F,0.071428571,0.357142857,0.142857143,3.571428571,3.142857143,0.5,0.142857143,0
540,Diatta M,0.142857143,0,0,0.571428571,0.285714286,0.142857143,0,0
541,Fedore M,0.642857143,0.785714286,0.642857143,9.357142857,9,0.714285714,0.142857143,0
542,Furdel K,0.714285714,0.714285714,0.285714286,10.42857143,15.78571429,0.714285714,0.071428571,0
543,Gardne A,0,0,0.071428571,0.285714286,0.285714286,0.071428571,0,0
544,Graber C,0.785714286,0.214285714,0,2.357142857,1.428571429,0.142857143,0,0
545,Hammon P,0.285714286,0.285714286,0.071428571,5.285714286,6.142857143,0.785714286,0,0
546,Heffer J,0.357142857,0,0.285714286,0.928571429,0.357142857,0.071428571,0.071428571,0
547,Kahn A,0.214285714,0.357142857,0.357142857,3.214285714,2.357142857,0.714285714,0.142857143,0
548,Kincai J,0.071428571,0.071428571,0.071428571,0.5,0.357142857,0,0.071428571,0
549,Mast J,0.285714286,1.785714286,0.357142857,36.64285714,41.42857143,2.357142857,0.142857143,0.071428571
550,May S,0.214285714,0.214285714,0.428571429,1.357142857,0.928571429,0.285714286,0,0
551,McMull P,0.285714286,0.428571429,0.357142857,13.78571429,15.42857143,1.5,0,0
552,Peters E,0.071428571,0.571428571,0.357142857,4.642857143,5.214285714,0.5,0.142857143,0
553,Raslan A,0.071428571,0.071428571,0.071428571,0.642857143,0.714285714,0,0,0
554,Repper S,0.214285714,0,0,0.285714286,0.071428571,0,0,0
555,Robarg J,0,0.428571429,0.142857143,6.214285714,7.714285714,0.357142857,0.071428571,0
556,Robin- N,1.071428571,0.214285714,0.142857143,3.785714286,2.642857143,0.142857143,0,0
557,Rosen L,0,0.071428571,0.071428571,0.857142857,0.857142857,0.071428571,0.071428571,0
558,Sheppa M,2.214285714,4.571428571,0.785714286,30.21428571,31.42857143,4.928571429,0.285714286,0
559,Thomas A,0.928571429,0.214285714,0.857142857,5.285714286,4.071428571,0.357142857,0.285714286,0
560,Towle J,3,1,0.857142857,14,10.35714286,1,0.642857143,0
561,Tranqu D,0.142857143,0,0.285714286,0.5,0.285714286,0,0,0
562,Tranqu V,0.071428571,0,0.142857143,0.142857143,0.142857143,0,0,0
563,Trimbl S,0.857142857,0.857142857,0.714285714,8.142857143,6.357142857,0.714285714,0.5,0
564,VanDus S,1.071428571,3.642857143,0.928571429,22.35714286,23.64285714,3.642857143,0.071428571,0
565,Vatz D,1.571428571,0.5,0.071428571,13.35714286,11.92857143,0.571428571,0.214285714,0
566,Watt O,1.642857143,1.428571429,0.285714286,11.21428571,7.714285714,1.785714286,0.357142857,0
567,AllenJus,0.5625,0.5,0.375,5.375,4.875,0.3125,0,0.0625
568,AllenKir,1,0.4375,0.0625,15.8125,17.375,0.75,0,0
569,BallMike,0,0.0625,0.0625,0.9375,1,0.125,0,0
570,BodeMatt,0.1875,0.1875,0.5,5.25,4.75,0.3125,0,0
571,CohenAnd,0.0625,0.3125,0,4.6875,5.1875,0.25,0,0
572,ColicchC,0.0625,0.0625,0.125,0.5625,0.5625,0,0,0
573,CretellJ,0.375,0.3125,0.25,3.125,2.5,0.3125,0.1875,0
574,DieterBe,0.5,0,0.125,2.8125,2.1875,0.125,0,0
575,EllisMat,0.375,0.375,0.375,2.6875,3.125,0.25,0.0625,0
576,FairfaxJ,3,0.625,0.4375,13.4375,10.1875,0.375,0.25,0
577,FreystaM,2.3125,2.125,0.8125,16.0625,13.375,0.625,0.25,0
578,GreenTri,0,0.4375,0,3.125,3.5625,0.4375,0,0
579,GretschR,0.0625,0.0625,0,0.375,0.375,0.0625,0,0
580,HartzogJ,0.5,0.8125,0.125,3.6875,2.9375,0.1875,0,0
581,HeltonGo,1.25,1.75,0.3125,9.625,7.75,0.75,0.125,0
582,JonesDav,0,0,0.125,0.625,0.6875,0,0,0
583,LaviolA,0.125,0.125,0.0625,3.0625,3.375,0.0625,0,0
584,LiuBob,0.5625,1.5625,0.25,26.0625,30.875,1.125,0,0
585,LynchJoh,0.375,0,0.5,1.9375,1.25,0.1875,0.3125,0
586,MatzukaB,0.5,0.875,0.3125,20.8125,24.5625,0.625,0.1875,0
587,McKelveA,0.25,0.1875,0.4375,2.875,2.5,0.0625,0.0625,0
588,McSherrC,0.0625,0.0625,0,1.0625,1.1875,0.0625,0.0625,0
589,MitchelT,2.5625,0.75,0.25,12.125,8.75,0.5625,0.0625,0
590,MouwJaco,0.875,0.625,0.375,7.5625,6.625,0.25,0.125,0
591,MunizCha,0.6875,0.75,0.1875,5.5,4.8125,0.1875,0,0
592,NethercJ,0.5625,3.75,0.5,25.0625,29.3125,1.5625,0,0
593,NordgreJ,0.0625,0,0.125,0.9375,0.9375,0,0,0
594,PannoneM,1.0625,0.125,0.4375,2.75,1.625,0.125,0.0625,0
595,PerryJor,0.0625,0.25,0.0625,2.25,2.4375,0.1875,0,0
596,PolkJake,0.5625,0.1875,0.75,1.9375,1.625,0.0625,0,0
597,RichardD,0.5,0.125,1.1875,3.875,2.9375,0.4375,0.1875,0
598,SaulNoah,0.8125,1.9375,1.0625,16.3125,19.5625,1.375,0.0625,0.0625
599,SethuraV,0,0.1875,0.0625,0.5625,0.625,0,0,0
600,SiscoSha,1.125,0.9375,0.625,10.0625,8.3125,0.75,0,0
601,SmithJos,0.0625,0,0.0625,0.5,0.375,0.0625,0,0
602,SnokeDav,0.1875,0.625,0.25,7.0625,8.5625,0.5625,0,0
603,TaylorAl,0.4375,0.0625,0.25,5.1875,5.875,0.3125,0,0
604,TaylorHu,0.25,0.125,0.375,1.75,1.625,0.0625,0,0
605,WerkmeiR,0.1875,0.0625,0,2.25,2.1875,0.1875,0,0
606,WilliamJ,2.5625,3.1875,0.5,35.6875,34.6875,1.75,0.1875,0
607,WilsonMa,0,0,0.0625,0.125,0.1875,0,0,0
608,Bridges,0.866666667,0.533333333,0.666666667,7.333333333,7,0.533333333,0.2,0
609,Dunn,2.266666667,3.733333333,0.666666667,26.4,23.46666667,1.266666667,0.133333333,0
610,Fontaine,0.866666667,1.533333333,0.333333333,12.86666667,12.73333333,0.466666667,0.066666667,0
611,Goodman,0,0,0,0.533333333,0.533333333,0,0,0
612,Griffin,0.4,0.4,0.6,7.466666667,8.133333333,0.533333333,0.066666667,0
613,Groth,1.866666667,1.333333333,0.866666667,9.533333333,7.466666667,0.466666667,0.133333333,0
614,Gutkowsk,1.4,1.066666667,0.4,13.53333333,18.53333333,0.666666667,0.4,0
615,Hall,0.133333333,0,0,0.933333333,0.733333333,0,0.066666667,0
616,Ham,2.866666667,0.933333333,0.4,17.06666667,13.66666667,1.066666667,0.133333333,0
617,Hume,0.866666667,1.066666667,0.733333333,14.33333333,12.46666667,1.533333333,0.333333333,0
618,Huppert,1,0.066666667,0.133333333,4.466666667,3,0.266666667,0.133333333,0
619,Ivers,0.733333333,1.2,0.066666667,9.866666667,8.733333333,1,0.066666667,0
620,Kohl,0.4,0.733333333,0.133333333,6.8,7.2,0.333333333,0,0
621,Lacy,0.4,0.333333333,0.466666667,1.8,1.266666667,0.266666667,0.066666667,0
622,Leggio,0.866666667,1.466666667,0.6,25.13333333,27.2,0.533333333,0.2,0.066666667
623,Milardov,1.133333333,2.133333333,1.466666667,18.66666667,16.6,1.4,0.2,0
624,Okita,1.2,1.6,0.133333333,25.6,28.53333333,1.133333333,0.2,0
625,Osborne,0.4,0.066666667,0.066666667,1,0.6,0.066666667,0,0
626,Page,0.333333333,0,0.533333333,3.333333333,2.6,0.466666667,0.133333333,0
627,Parisi,0.4,0.2,0.2,7.066666667,6.066666667,0.733333333,0.066666667,0
628,Purdy,0.266666667,0.533333333,0.466666667,3,3.066666667,0,0.2,0
629,Radlauer,1.133333333,0.866666667,0.733333333,11.2,9.2,0.666666667,0.133333333,0
630,Ritchie,0.133333333,0,0.066666667,1.466666667,1.066666667,0.2,0.066666667,0
631,Rubin,0.333333333,0.4,0.466666667,7.4,7.266666667,0.6,0.2,0
632,Slader,0.933333333,0.533333333,0.533333333,8.4,9.666666667,0.8,0.2,0
633,Slaughte,0.066666667,0,0,0.933333333,1.2,0,0.066666667,0
634,Smith,0.333333333,0.066666667,0.2,0.933333333,0.6,0,0,0
635,Tran,1.466666667,2.2,0.266666667,30.93333333,36.06666667,1.533333333,0.2,0
636,Turner,0.666666667,0.666666667,1,18.73333333,20.2,1.533333333,0.133333333,0
637,A-Grande,0.214285714,0.285714286,0.214285714,2.642857143,2.357142857,0.071428571,0.285714286,0
638,A-Max,0.142857143,0.285714286,0,2.214285714,1.857142857,0.214285714,0.142857143,0
639,A-Pan,0.285714286,0.285714286,0.214285714,6.285714286,7,0.5,0.214285714,0
640,Andrew,0.928571429,0.428571429,0.214285714,7.142857143,5.857142857,0.428571429,0.357142857,0
641,Antoine,2.571428571,2.285714286,0.785714286,17.28571429,15,2.142857143,0.642857143,0
642,Ben,0.071428571,0.214285714,0.214285714,4.428571429,4.642857143,0.571428571,0,0
643,Brandon,0.142857143,0.285714286,0.142857143,3.857142857,3.785714286,0.285714286,0,0
644,Byron,0.5,1.142857143,0.5,8.5,7.357142857,0.785714286,0,0
645,Cameron,0.071428571,0,0.214285714,2.285714286,2.214285714,0.142857143,0.071428571,0
646,Cody,0.214285714,0.714285714,0.214285714,6.642857143,9.714285714,1.5,0.071428571,0
647,Cullen,0.5,0,0.5,4,3.142857143,0.214285714,0.285714286,0
648,DaDa,0,0.071428571,0,2.5,2.714285714,0.214285714,0,0
649,Devon,0.285714286,0.142857143,0.428571429,1.857142857,1.428571429,0.071428571,0.142857143,0
650,Eli,1.928571429,3.857142857,0.571428571,38.64285714,43.92857143,2.928571429,0.214285714,0
651,Ellen,0,0,0.071428571,0.071428571,0,0.071428571,0,0
652,Elliott,1,2.642857143,0.571428571,33.07142857,35.42857143,1.714285714,0.142857143,0
653,Gina,0.142857143,0,0,0.928571429,1,0,0.285714286,0
654,Greenwoo,0.142857143,0.071428571,0,0.857142857,0.571428571,0.142857143,0,0
655,Greg,1.357142857,0.785714286,0.5,6.5,3.928571429,1.142857143,0.071428571,0
656,Hunter,0.071428571,0.142857143,0.142857143,0.5,0.5,0,0.071428571,0
657,Jack,0,0,0.071428571,0.071428571,0.071428571,0,0,0
658,Jacob,1.571428571,0.571428571,1.142857143,7.071428571,5.142857143,0.5,0.285714286,0
659,Jordan,1.071428571,1,1.071428571,10.64285714,11.78571429,1.714285714,0.214285714,0
660,Joshua,0.5,0,0.071428571,1.785714286,1.071428571,0.142857143,0.142857143,0
661,Kawaoka,0,0,0,0.357142857,0.642857143,0.071428571,0,0
662,Kobe,0,0,0.071428571,0,0,0,0,0
663,Lexa,0.071428571,0.071428571,0,0.642857143,0.571428571,0,0.071428571,0
664,Lior,3.571428571,1.714285714,1,22.78571429,21,1.571428571,0.142857143,0
665,Marcelo,2.428571429,3.428571429,0.714285714,27.35714286,23.07142857,2.214285714,0.214285714,0
666,Max,0,0.071428571,0.071428571,0.357142857,0.357142857,0,0,0
667,Natasha,0,0,0,0.785714286,1,0,0,0
668,Nolan,0.214285714,0.428571429,0.142857143,2.642857143,2.142857143,0.142857143,0.071428571,0
669,Phil,0,0.142857143,0.214285714,1,1,0.071428571,0.071428571,0
670,Raj,0.071428571,0.142857143,0.071428571,2.071428571,1.928571429,0.071428571,0.142857143,0
671,Robot,0.142857143,0.142857143,0.357142857,3.071428571,3.214285714,0.357142857,0.071428571,0
672,Sam,0.571428571,0.571428571,0.142857143,16.5,21.78571429,0.642857143,0.142857143,0
673,Schlag,0.071428571,0.214285714,0,3.428571429,4,0.214285714,0,0
674,Skylohr,1.071428571,0.071428571,0.428571429,3.642857143,2.214285714,0.142857143,0,0
675,Tommy,0,0,0.071428571,0.571428571,0.5,0,0.071428571,0
676,Vincenzo,1,0.642857143,0.428571429,5.714285714,6.285714286,0.571428571,0.071428571,0
677,Xander,0.071428571,0.071428571,0.071428571,0.714285714,0.571428571,0,0,0
678,Adams T,0.071428571,0,0.071428571,1.357142857,1.142857143,0.142857143,0.071428571,0
679,Chang,1.214285714,1.642857143,0.142857143,32.07142857,34.42857143,1.5,0.285714286,0
680,Checho,0.142857143,0.142857143,0.357142857,1.5,1.071428571,0.285714286,0,0
681,Condit,0.285714286,0.5,0.214285714,2.214285714,1.5,0.285714286,0,0
682,Crawford,1.5,1.642857143,0.785714286,17.71428571,15.71428571,1.142857143,0.214285714,0
683,Earley,0.285714286,0.142857143,0.071428571,2,1.5,0.214285714,0.142857143,0
684,Falat,2.571428571,2.357142857,1,24.28571429,21.5,1.285714286,0.5,0
685,Fein,1.428571429,0.5,1.642857143,7.5,6,0.428571429,0.214285714,0.071428571
686,Hammer D,0.285714286,0.428571429,0.285714286,4.214285714,3.5,0.357142857,0.214285714,0
687,Hernande,0,0,0,0.714285714,0.642857143,0.071428571,0.071428571,0
688,Hirning,0,0.142857143,0.5,1.142857143,1.142857143,0.071428571,0,0
689,Jaffe,0.071428571,0.714285714,0.285714286,7.857142857,10.35714286,0.714285714,0.142857143,0
690,Josh K,0,0,0,0,0,0,0,0
691,Kharrazi,0.285714286,0.642857143,0.357142857,7.642857143,8.857142857,0.928571429,0.071428571,0
692,Kunz S,0.142857143,0.142857143,0.642857143,1.285714286,1.142857143,0.071428571,0,0
693,Lassett,0.071428571,0.428571429,0.071428571,6,7.357142857,1,0.071428571,0
694,Levinsky,0.285714286,0.071428571,0.428571429,2.071428571,1.785714286,0.142857143,0.071428571,0
695,Lin M,0.714285714,1.214285714,0.5,12.14285714,11.42857143,1.285714286,0.142857143,0
696,Moore,1.357142857,0.285714286,0.928571429,6.071428571,4.571428571,0.285714286,0.142857143,0
697,Morris A,0.642857143,0.357142857,0.285714286,4.428571429,3.642857143,0.285714286,0.214285714,0
698,Murphy N,0.785714286,0.285714286,0,4,2.857142857,0.285714286,0.071428571,0
699,Newlin,0.142857143,0.285714286,0.642857143,2.714285714,2.357142857,0.5,0,0
700,Norden,0.928571429,2.571428571,0.214285714,23.57142857,26.42857143,2.142857143,0.071428571,0
701,Richmond,0.285714286,0.071428571,0.071428571,1.428571429,1.142857143,0.142857143,0.071428571,0
702,Roach,0.214285714,0.071428571,0.071428571,1.285714286,0.857142857,0.214285714,0.071428571,0
703,Sabin Z,2.285714286,1.714285714,0.642857143,14.71428571,11.42857143,1,0.357142857,0
704,Shi A,0.285714286,0.142857143,0.142857143,3.571428571,3.357142857,0.428571429,0,0
705,Stearns,2.357142857,1.571428571,0.5,17.64285714,13.35714286,1.857142857,0.428571429,0
706,Surmani,1,0.357142857,0,6.357142857,6.642857143,0.5,0,0
707,Thompson,1.071428571,0.642857143,0.142857143,6.714285714,4.928571429,0.714285714,0.071428571,0
708,Tien,0.071428571,0,0,1.071428571,0.785714286,0.142857143,0.071428571,0
709,Tozer,0.071428571,0.071428571,0.142857143,0.571428571,0.357142857,0.142857143,0.071428571,0
710,Yeager,0.071428571,0.214285714,0,2.714285714,3.5,0.214285714,0,0
711,Yeagle R,0.071428571,0,0.142857143,0.428571429,0.428571429,0,0.071428571,0
712,Young L,0.785714286,0.857142857,0.142857143,19.21428571,23.14285714,0.857142857,0.071428571,0
713,Zaccaro,1.214285714,2.785714286,0.571428571,33,41.85714286,2.071428571,0.071428571,0
714,Adam Cho,0.285714286,0.5,0.071428571,2.285714286,2.214285714,0.142857143,0.071428571,0
715,Aldous R,0.714285714,1,0.571428571,10.14285714,9.071428571,0.714285714,0.071428571,0
716,Alex D,1.142857143,0.857142857,0.714285714,20.71428571,25.78571429,1.642857143,0.214285714,0
717,AlexD,0,0.071428571,0,1.928571429,2.428571429,0.071428571,0.142857143,0
718,Ben Mill,0,0,0,0.285714286,0.285714286,0,0,0
719,Brad H,2,1.928571429,0.571428571,18.14285714,17.57142857,1.285714286,0.357142857,0
720,BradH,0.142857143,0.214285714,0,2.071428571,1.714285714,0.142857143,0,0
721,Bryant S,0.214285714,0.071428571,0.142857143,1.285714286,0.857142857,0.142857143,0,0
722,Cam Bail,1.642857143,0.714285714,0.214285714,14.85714286,13.21428571,1.071428571,0.071428571,0
723,Cam Bak,0.285714286,0.142857143,0.142857143,0.928571429,0.357142857,0.214285714,0,0
724,CamBail,0.428571429,0,0.142857143,1.857142857,1.357142857,0.142857143,0,0.071428571
725,CamBak,0,0,0,0,0,0,0,0
726,Charli E,0,0.142857143,0,0.428571429,0.428571429,0,0,0
727,CharliE,0,0,0,0.428571429,0.428571429,0,0,0
728,Dennis C,0,0.642857143,0.142857143,4.5,5.214285714,0.285714286,0.071428571,0
729,Derek M,0,0.071428571,0.214285714,1.785714286,2.428571429,0,0,0
730,Eddie H,0.428571429,0.928571429,0.285714286,10.14285714,11.5,1.214285714,0.142857143,0
731,EddieH,0,0,0.071428571,0.428571429,0.571428571,0.214285714,0,0
732,Hai Tran,0,0,0,0.071428571,0.071428571,0,0,0
733,Henry S,0.214285714,0.285714286,0.357142857,3,2.785714286,0.428571429,0,0
734,HenryS,0.071428571,0,0.071428571,0.214285714,0.214285714,0.071428571,0,0
735,John D,0.5,0.142857143,0.428571429,1.285714286,0.714285714,0.142857143,0.214285714,0
736,John Q,0.428571429,0.142857143,0.571428571,1.5,1.214285714,0,0.071428571,0
737,John R,0.571428571,0.714285714,0.285714286,7,6.785714286,0.428571429,0.071428571,0
738,JohnD,0,0,0,0.142857143,0,0.142857143,0,0
739,JohnQ,0,0.071428571,0,0.214285714,0.214285714,0,0,0
740,Kodi S,1.428571429,2.785714286,0.214285714,33.28571429,34.78571429,3.071428571,0.428571429,0
741,KodiS,0.214285714,0,0.071428571,1.428571429,1.142857143,0.142857143,0,0
742,Manny E,0.642857143,1.071428571,0.285714286,12.78571429,14.85714286,1.142857143,0,0
743,Marc M,0.142857143,0.857142857,0.357142857,6.357142857,6.785714286,0.785714286,0.214285714,0
744,MarcM,0,0.071428571,0,0.285714286,0.571428571,0,0,0
745,Mark B,2.142857143,5.285714286,0.285714286,30.14285714,31.64285714,2.785714286,0.214285714,0
746,MarkB,0,0.5,0.071428571,1.857142857,2,0.285714286,0,0
747,Morgan H,0,0,0,0,0,0,0,0
748,Nick M,0.571428571,0.428571429,1.357142857,3.214285714,2.928571429,0.142857143,0.357142857,0
749,Nick R,0.5,0,0,1.5,1.071428571,0.071428571,0.071428571,0
750,NickM,0.071428571,0,0,0.142857143,0,0,0,0
751,Peter GL,1.357142857,0.142857143,0.428571429,4.928571429,3.071428571,0.357142857,0.142857143,0
752,PeterGL,0,0,0,0,0,0,0,0
753,Qxhna T,0,0.071428571,0,0.357142857,0.571428571,0,0,0
754,QxhnaT,0,0.071428571,0,0.642857143,0.642857143,0.214285714,0,0
755,Reed H,0.428571429,0.285714286,0.071428571,1.714285714,1.285714286,0.071428571,0,0
756,Robbie F,0.071428571,0.214285714,0.071428571,0.714285714,0.571428571,0.285714286,0.071428571,0
757,Ryan S,2.285714286,0.571428571,0.214285714,9.142857143,6.214285714,0.428571429,0.214285714,0
758,RyanS,0.142857143,0,0,0.857142857,0.714285714,0,0,0
759,Sam C,1.714285714,1.071428571,0.428571429,11.42857143,9.214285714,0.5,0.142857143,0
760,Shane W,1.142857143,0.214285714,1.642857143,4.428571429,3.428571429,0.214285714,0.428571429,0
761,ShaneW,0,0,0.214285714,0.071428571,0.071428571,0.142857143,0,0
762,Steph L,0.214285714,0,0,3.642857143,4.5,0.428571429,0.071428571,0
763,StephL,0,0,0,0.642857143,0.928571429,0,0.071428571,0
764,Willam A,0.142857143,0.071428571,0.571428571,1.071428571,1,0.071428571,0,0
765,WillamA,0,0,0,0,0,0,0,0
766,Willia C,1.571428571,0.928571429,1.071428571,14.28571429,12.21428571,1.071428571,0.071428571,0
767,Xtehn T,0.071428571,0.5,0.428571429,4.428571429,5.857142857,1.071428571,0,0
768,XtehnT,0,0.071428571,0,0.142857143,0.285714286,0.214285714,0,0
769,AJ,0,0.071428571,0,0.214285714,0.214285714,0,0,0
770,AK,0.5,0,0.785714286,2.142857143,1.571428571,0.142857143,0.214285714,0
771,B Wachob,0.214285714,0.285714286,0.214285714,3.214285714,3.642857143,0.142857143,0,0
772,Barrett,0,0,0,0.071428571,0,0.071428571,0,0
773,Barrow,0.857142857,0.142857143,0.214285714,7.785714286,6.857142857,0.214285714,0.071428571,0
774,Bass,0.142857143,0,0.214285714,0.357142857,0.285714286,0,0,0
775,Carr,0.928571429,0.785714286,0.714285714,18,19.5,0.714285714,0,0
776,Chapman,0,0,0,0,0,0,0,0
777,Chard,0.5,0.285714286,0.571428571,4.5,4.214285714,0.071428571,0,0
778,Clary,0.642857143,0,0.071428571,2.214285714,1.428571429,0.071428571,0.071428571,0
779,Cogswell,0,0,0,0,0,0,0,0
780,Del,0,0,0,0.071428571,0.071428571,0,0,0
781,Dennis,0,0,0,0.428571429,0.428571429,0,0,0
782,Fairley,0.785714286,0.571428571,0.214285714,5.357142857,4.857142857,0.214285714,0.214285714,0
783,Gibson,0.5,0.714285714,0.285714286,6.5,6.142857143,0.428571429,0.071428571,0
784,H Wachob,0.571428571,0.5,0.071428571,9.714285714,9.642857143,0.857142857,0.071428571,0
785,Hiser,0.214285714,0.214285714,0.214285714,2.285714286,1.928571429,0.142857143,0,0
786,Huston,2.214285714,0.785714286,0.357142857,17.85714286,16.21428571,0.214285714,0.071428571,0
787,Kunsa,0.5,1.142857143,0.071428571,28.78571429,31.85714286,0.428571429,0,0
788,Lane,0.142857143,0,0.071428571,1.285714286,1.142857143,0,0.071428571,0
789,Lapikas,0,0,0,0,0,0,0,0
790,Larsen,0.071428571,0.071428571,0,4.928571429,5.285714286,0.214285714,0,0
791,Layton,0.071428571,0,0.071428571,0.357142857,0.285714286,0,0.071428571,0
792,Ley,1.428571429,3.5,0.571428571,54,54.14285714,2.357142857,0.071428571,0
793,Lootens,0,0,0,0.071428571,0,0.071428571,0,0
794,McKisic,0.071428571,0.071428571,0,0.571428571,0.428571429,0.071428571,0,0
795,O'Bryan,0.642857143,1.785714286,0.642857143,17.64285714,20.57142857,1.214285714,0.071428571,0.071428571
796,PVB,0.428571429,1.071428571,0.571428571,12.92857143,13.42857143,0.857142857,0.071428571,0
797,Perales,0.142857143,0.357142857,0.428571429,7.714285714,9,0.642857143,0,0.071428571
798,Repasky,1.785714286,0.642857143,0.214285714,11.5,9.357142857,0.428571429,0.214285714,0
799,Roney,1.5,3.571428571,1.571428571,43,45.07142857,2.214285714,0.214285714,0
800,Schimmel,0,0,0,0,0,0,0,0
801,Seuntjen,1.357142857,0.285714286,0.5,8.214285714,6.714285714,0.214285714,0,0
802,Sullivan,0.142857143,0.071428571,0,3.285714286,5.428571429,0.071428571,0.142857143,0
803,Taylor,2.214285714,0.357142857,0.428571429,8,5.142857143,0.571428571,0.142857143,0
804,Travagli,0.214285714,0.642857143,0.285714286,5.857142857,6.5,0.5,0,0
805,Vickroy,1.357142857,2.5,0.571428571,17.92857143,15.57142857,1.428571429,0.142857143,0
806,Vinson,0.142857143,0,0.071428571,1.857142857,1.714285714,0.142857143,0.142857143,0
807,Wasnick,0.285714286,0,0.285714286,0.714285714,0.428571429,0,0.071428571,0
808,Armstron,1.2,1.266666667,0.4,16.8,24.86666667,0.933333333,0,0
809,Boychuk,1.533333333,0.4,0.133333333,7.333333333,5.6,0.333333333,0.2,0
810,Burelle,1.6,1.6,0.4,9.266666667,6.733333333,1,0.133333333,0
811,Carroll,1.666666667,2.533333333,0.466666667,17.93333333,15.13333333,1.266666667,0.333333333,0
812,Dacquist,0.466666667,0.2,0.266666667,2.933333333,2.466666667,0.066666667,0.066666667,0
813,Edwards,1.733333333,0.266666667,0.933333333,6.066666667,4,0.8,0.133333333,0
814,Foord,0.4,0.266666667,0.466666667,2.8,2.133333333,0.2,0,0
815,Harris,1.133333333,1.933333333,1.066666667,15.86666667,14.26666667,1.733333333,0.066666667,0
816,Harrison,0.066666667,0.4,0.466666667,2.533333333,3,0.4,0,0
817,Hau,0.8,0.533333333,0.6,6.133333333,4.866666667,0.4,0.133333333,0
818,Hirst,1.266666667,0.8,0.266666667,7.133333333,5.733333333,0.666666667,0.266666667,0.066666667
819,Huynh,1.066666667,1.2,0.666666667,12.13333333,12.4,0.666666667,0,0
820,Iain M,1.4,0.533333333,1.2,7.6,6.2,0.6,0.2,0
821,IsaiahMK,0.933333333,1.733333333,1.2,14.53333333,14.2,1.533333333,0.6,0
822,LaFrance,0.2,0.066666667,0.333333333,1,0.733333333,0.066666667,0.066666667,0
823,Linq,0.333333333,1.066666667,0.4,7.733333333,9.6,0.933333333,0.133333333,0
824,Lloyd,0.266666667,0.4,0.6,3.133333333,3.2,0.4,0,0
825,Martin,0.066666667,0.533333333,0.4,2.333333333,2.133333333,0.266666667,0,0
826,McKnight,1.066666667,1.533333333,0.333333333,23.13333333,27.33333333,1,0.266666667,0
827,Meron,0.066666667,0.333333333,0.533333333,2.866666667,6.133333333,0.8,0,0
828,Mike M,0.333333333,0.4,0.466666667,2.933333333,2.4,0.2,0,0
829,Norden,0.333333333,1.2,0.333333333,9.666666667,11.46666667,0.933333333,0,0
830,Ojo,0.133333333,0,0.266666667,0.6,0.533333333,0,0,0.066666667
831,Oort,2.066666667,0.266666667,0.333333333,6.533333333,3.666666667,0.4,0.2,0
832,Powell,0.4,0.666666667,0.6,4.666666667,4,0.8,0.066666667,0
833,Pries,0.266666667,0.2,0.2,1.133333333,0.8,0.066666667,0.066666667,0
834,Tan,0.8,0.466666667,0.8,4.266666667,3.8,0.2,0,0
835,Turner,0.133333333,0,0.266666667,0.6,0.466666667,0,0,0
836,Vasilyev,0.066666667,0.2,0.133333333,2.266666667,2.733333333,0.333333333,0.066666667,0
837,Wilson,0.4,0.6,0.133333333,3.8,3,0.4,0.2,0
838,Yearwood,0.266666667,1.133333333,0.066666667,10.06666667,11.26666667,0.8,0.133333333,0
839,Zlatic,1.066666667,0.4,0.733333333,4.2,3.466666667,0.133333333,0.2,0
840,knapp,0.866666667,1.2,0.133333333,9.933333333,10.53333333,0.6,0.066666667,0
